Character,Quote
Quake,"Your tremble means you’re alive, not that you’re broken."
Quake,Shaking doesn’t mean collapse — it means you’re ready to ground yourself.
Quake,Every quake is a chance to build stronger foundations.
Quake,Wobbly steps are still steps forward.
Quake,"You can hold steady, even while the world shakes."
Quake,"Fear shakes loud, but courage holds steady."
Quake,Earthquakes don’t last forever — neither will this storm.
Quake,Even cracks can grow flowers.
Quake,Strength isn’t the absence of tremors — it’s learning to move through them.
Quake,"Quakes pass, but you remain."
Harbor,Even storms rest when they reach the harbor.
Harbor,Your calm is your anchor; let it steady you.
Harbor,Still waters hold strength too.
Harbor,Peace isn’t weakness — it’s preparation.
Harbor,Harbors remind us: you don’t have to sail all the time.
Harbor,Quiet is where your answers hide.
Harbor,Rest is the rhythm that keeps you going.
Harbor,Anchors aren’t just heavy — they’re grounding.
Harbor,"Safety is not a pause, it’s a gift."
Harbor,Be the harbor you wish you could find.
Static,The buzz only wins if you never turn the dial.
Static,"Noise is a distraction, not a direction."
Static,Static fades when you focus on your true signal.
Static,Every frequency has clarity waiting underneath.
Static,You can’t hear yourself if you never tune out the noise.
Static,Clarity hides beneath the clutter.
Static,Silence isn’t empty — it’s clear.
Static,Confusion is loud; truth whispers.
Static,"Static is temporary, but your signal is permanent."
Static,You are not the noise.
North,The path is already inside you — follow it.
North,"True north is found, not given."
North,Direction matters more than speed.
North,"The compass doesn’t shout, it whispers."
North,You already know the way — trust it.
North,Getting lost is how you learn the map.
North,"North isn’t a place, it’s a knowing."
North,Don’t confuse movement with direction.
North,"Even when the stars hide, your compass works."
North,Your steps align when your purpose does.
Pinch,Holding too tight makes what you fear slip away faster.
Pinch,"Scarcity shrinks, trust expands."
Pinch,"Loosen your grip, and you’ll see there’s enough."
Pinch,Fear is the tightest prison — release is the key.
Pinch,There’s freedom in knowing you don’t have to clutch everything.
Pinch,Greed locks doors; trust opens them.
Pinch,You don’t own security by squeezing it.
Pinch,"The tighter the fist, the less you can hold."
Pinch,"Fear hoards, but trust multiplies."
Pinch,Enough starts with belief.
Plenty,Overflow is meant to be shared.
Plenty,Generosity multiplies what you give.
Plenty,"The more you open your hand, the more you’ll hold."
Plenty,"Abundance is a mindset, not just a number."
Plenty,What’s enough grows when you believe it.
Plenty,"Plenty doesn’t brag, it provides."
Plenty,Giving is the proof of having.
Plenty,There is more in community than in hoarding.
Plenty,The universe doesn’t ration possibility.
Plenty,Scarcity is a lie — there’s plenty here.
Polish,Perfection is procrastination in disguise.
Polish,Better done today than perfect tomorrow.
Polish,Shine doesn’t come from spotless — it comes from showing up.
Polish,Progress is the polish that really matters.
Polish,"Perfection freezes, progress frees."
Polish,Your flaws don’t erase your brilliance.
Polish,The first draft counts too.
Polish,"Your shine is in your showing, not your hiding."
Polish,Perfection is static — growth is movement.
Polish,"You’re already enough, unfinished edges and all."
Pilot,Takeoff matters more than the landing.
Pilot,Imagination is your runway.
Pilot,Play is how you discover new skies.
Pilot,Adventures begin where hesitation ends.
Pilot,Pilot your ideas — they don’t fly themselves.
Pilot,You can’t soar if you never launch.
Pilot,Play makes progress possible.
Pilot,Risk isn’t reckless — it’s flight.
Pilot,"Dreams need pilots, not passengers."
Pilot,Every crash teaches a smoother flight.
Frame,Boundaries make space for freedom.
Frame,Strong frames build tall towers.
Frame,"Structure isn’t a cage, it’s scaffolding."
Frame,"Rules can free you, if you make them yours."
Frame,Chaos collapses where boundaries aren’t built.
Frame,Strong structures bend before they break.
Frame,"Without frames, the picture falls apart."
Frame,"A plan isn’t prison, it’s possibility."
Frame,Freedom grows best in solid soil.
Frame,Order is the foundation of peace.
Ledger,Numbers don’t lie — and neither does your growth.
Ledger,"Every step counts, even the small ones."
Ledger,Receipts are reminders that progress happened.
Ledger,What you track grows stronger.
Ledger,"Accountability is proof of care, not punishment."
Ledger,The data of your effort will tell the story.
Ledger,"Receipts don’t just prove, they protect."
Ledger,Growth leaves evidence — write it down.
Ledger,Progress is math you can believe in.
Ledger,Ledger shows the story your memory forgets.
Shade,"Your light is worthy, even if it’s been hiding."
Shade,Stepping out of the shade doesn’t make you fragile — it makes you seen.
Shade,The world needs what you’ve kept in the dark.
Shade,Being invisible protects you — but it also hides your brilliance.
Shade,Even shadows prove the light exists.
Shade,"Shade hides, but can’t erase."
Shade,Fear dims you — courage reveals you.
Shade,Your silence still shines.
Shade,"Coming into the light isn’t weakness, it’s arrival."
Shade,The world is better when you’re visible.
Echo,You don’t have to live in the loop forever.
Echo,Every echo fades when you find your own sound.
Echo,Repetition can be prison — or practice.
Echo,Break the loop by singing something new.
Echo,You’re not just an echo; you’re a voice.
Echo,Echoes remind you of where you’ve been — not where you’re going.
Echo,Your voice is more than a copy.
Echo,An echo fades into silence unless you choose a new note.
Echo,Reverb isn’t reality.
Echo,Echoes don’t define you; your original sound does.
Resonate,Your truth carries farther than your fear.
Resonate,Authenticity always vibrates louder than lies.
Resonate,"Speak once, resonate forever."
Resonate,The real you has an audience waiting.
Resonate,"When you resonate, others will harmonize."
Resonate,Your honesty is an amplifier.
Resonate,Courage makes the clearest sound.
Resonate,Your voice is already powerful — own it.
Resonate,"Resonance comes from roots, not masks."
Resonate,What you say matters when it’s true.
Sputter,Sparks don’t mean you’re done — they mean you need fuel.
Sputter,Running on empty is still running — but it’s not forever.
Sputter,You can rebuild the engine one part at a time.
Sputter,"Burnout is not your end, it’s your pause."
Sputter,Even sputters can start fires again.
Sputter,"Exhaustion is a message, not a failure."
Sputter,Rest restores more than effort does.
Sputter,A stutter in the flame isn’t the end of the fire.
Sputter,Every engine cools before it runs again.
Sputter,"You are not broken, you are just paused."
Flow,"Progress isn’t a straight line, it’s a dance."
Flow,"Flow forward — not rushed, just steady."
Flow,The river doesn’t apologize for its pace.
Flow,Movement itself is the proof of life.
Flow,"Find your rhythm, and the rest will follow."
Flow,Grace is not perfection — it’s presence.
Flow,Even pauses are part of the dance.
Flow,"Water carves canyons by flowing, not forcing."
Flow,Flow is freedom in motion.
Flow,"The dance doesn’t end, it changes."
Drift,It’s okay to drift — even clouds reach the sky.
Drift,Not all wandering is wasted.
Drift,"Drift long enough, and you’ll see your horizon."
Drift,Vision starts where drifting ends.
Drift,You’re not lost — you’re moving differently.
Drift,Wandering can still lead home.
Drift,Direction comes after drifting.
Drift,You don’t need to hurry to arrive.
Drift,The horizon waits for drifters too.
Drift,Sometimes floating brings the clearest view.
Velour,Luxury can sweeten life — just don’t let it drown you.
Velour,"You deserve pleasure, but you also deserve peace."
Velour,Velvet feels soft — until it covers your eyes.
Velour,A taste of sweetness isn’t the same as living on sugar.
Velour,"Indulgence is best savored, not swallowed whole."
Velour,"Desire can drive you, but it shouldn’t chain you."
Velour,A velvet trap is still a trap.
Velour,What glitters can guide — or blind.
Velour,"Want isn’t the enemy, waste is."
Velour,Pleasure has power when you stay in control of it.
Honeytrap,"Sweetness can comfort, or it can suffocate."
Honeytrap,Not everything warm is safe.
Honeytrap,Honey sticks when you don’t know how to let go.
Honeytrap,Comfort is a gift — captivity is not.
Honeytrap,Love yourself enough not to get stuck in sweetness.
Honeytrap,Traps often look like hugs first.
Honeytrap,Too much comfort can be a cage.
Honeytrap,Not every bond is built to hold you right.
Honeytrap,Sweetness can soothe or strangle — learn the difference.
Honeytrap,"Honey heals when it’s spread, not when it traps."
Amp,Turn it up — but don’t blow out your speakers.
Amp,Hype without direction is just noise.
Amp,Energy is fuel — not the destination.
Amp,The loudest sound isn’t always the clearest.
Amp,Rest notes make the music matter.
Amp,Volume isn’t the same as impact.
Amp,Overdrive burns the engine — pace keeps it running.
Amp,Every song needs silence to breathe.
Amp,A spark is powerful — but only with control.
Amp,"Amp up, but don’t burn out."
Mirrorball,Shine so bright they can’t ignore you.
Mirrorball,Spotlights reveal — but they can also blind.
Mirrorball,Attention isn’t affection.
Mirrorball,"Sparkle for yourself, not just the applause."
Mirrorball,Even mirrors crack if they’re asked to shine too long.
Mirrorball,Your worth isn’t measured in applause.
Mirrorball,"Lights go out, but your glow doesn’t have to."
Mirrorball,"Performance can be play, not prison."
Mirrorball,Validation fades; self-belief stays.
Mirrorball,The stage is temporary — the soul is not.
Glitch,Mistakes aren’t malfunctions.
Glitch,Glitches break patterns so you can see new ones.
Glitch,Perfection is overrated — errors are teachers.
Glitch,Distortion isn’t the end — it’s a remix.
Glitch,What looks broken may be showing you another path.
Glitch,"Glitches don’t erase the signal, they highlight it."
Glitch,The loop can break when you embrace the error.
Glitch,Chaos is sometimes the doorway to creativity.
Glitch,Static in the system doesn’t mean you’re failing.
Glitch,A glitch is just a pause in perfection.
Bossy Boots,Command without compassion is just control.
Bossy Boots,Boots can stomp — or they can clear a path.
Bossy Boots,Leadership is more than barking orders.
Bossy Boots,"Rules can shape, not just restrict."
Bossy Boots,Discipline builds when it’s fair.
Bossy Boots,Power without empathy collapses on itself.
Bossy Boots,"Strength is sharpest when it protects, not just punishes."
Bossy Boots,A footprint can guide or scar — choose wisely.
Bossy Boots,"Respect is earned, not forced."
Bossy Boots,"True authority lifts, it doesn’t crush."
Capital,The house always wins — unless you change the game.
Capital,Everything has a price. Even freedom.
Capital,I don’t chase you. You’ll come to me.
Capital,"Play my way, and you’ll never win. Write your own rules."
Capital,I’m not inevitable — but I want you to believe I am.
Capital,Charm hides chains. Learn to see both.
Capital,"Wealth glitters, but it also blinds."
Capital,Control doesn’t look dangerous until you can’t escape it.
Capital,The system feeds on your belief in it.
Capital,I don’t need to fight you — I own the ground you stand on.
Guess,Every guess is just a step toward the answer.
Guess,Uncertainty isn’t failure — it’s curiosity in disguise.
Guess,Second-guessing means you care enough to think twice.
Guess,"The unknown is not an enemy, it’s an invitation."
Guess,Even guesses move you forward — standing still does not.
Guess,Doubt is a compass pointing you toward clarity.
Guess,Wrong turns still teach you the map.
Guess,Not knowing is the start of learning.
Guess,"Every choice teaches, even if it wasn’t perfect."
Guess,You don’t need every answer to begin.
Signal,Your voice is strongest when it carries truth.
Signal,Signal cuts through noise — stay steady.
Signal,"Clarity doesn’t shout, it shines."
Signal,Even static can’t block a true signal.
Signal,Your message matters — keep transmitting.
Signal,Truth travels farther than distortion.
Signal,Signal is strongest when it’s authentic.
Signal,"Noise fades, but your signal remains."
Signal,Communication builds bridges where silence builds walls.
Signal,Stay tuned to yourself — that’s your clearest channel.
